{"MSE": 2.448623013253702, "_timestamp": 1686015741.137568, "_runtime": 8.206588983535767, "_step": 0, "_wandb": {"runtime": 7}}