{"MSE": 2.4479461735984565, "_timestamp": 1686015830.9174454, "_runtime": 8.796093463897705, "_step": 0, "_wandb": {"runtime": 8}}