{"MSE": 2.4552903734049103, "_timestamp": 1686015861.1443896, "_runtime": 7.200345516204834, "_step": 0, "_wandb": {"runtime": 6}}