{"MSE": 2.456207921138401, "_timestamp": 1686015786.996591, "_runtime": 33.37134313583374, "_step": 0, "_wandb": {"runtime": 54}}