{"MSE": 2.4661456043160817, "_timestamp": 1686015718.309689, "_runtime": 7.071830987930298, "_step": 0, "_wandb": {"runtime": 6}}