{"MSE": 2.453983836538874, "_timestamp": 1686013966.8211684, "_runtime": 16.23503351211548, "_step": 0, "_wandb": {"runtime": 15}}